{
  "n_segments": 10860,
  "features": [
    "lex_density",
    "ttr",
    "root_ttr",
    "sent_len_mean",
    "sent_len_var",
    "marker_rate"
  ],
  "mean": [
    0.43441683786355584,
    0.8539792280574662,
    4.043694717066596,
    24.73879643957192,
    6.689365744680078,
    0.032683957493381564
  ],
  "std": [
    0.11008438318652523,
    0.10851904269667961,
    1.0426119828132956,
    16.61248556701673,
    58.401138393113236,
    0.05674076332518254
  ]
}
